{"cameraMode":{"drawMode":0,"name":"Shaded","section":"Shading Mode"},"sceneLighting":true,"audioPlay":false,"sceneViewState":{"showFog":true,"showMaterialUpdate":false,"showSkybox":true,"showFlares":true,"showImageEffects":true,"showParticleSystems":true,"showVisualEffectGraphs":true,"m_FxEnabled":true},"in2DMode":false,"pivot":{"x":-0.5907427072525024,"y":0.4867194890975952,"z":-2.83040714263916},"rotation":{"x":-0.17041531205177308,"y":-0.026012759655714036,"z":0.004502545110881329,"w":-0.9850322604179382},"size":2.8219571113586427,"orthographic":false}