{"cameraMode":{"drawMode":0,"name":"Shaded","section":"Shading Mode"},"sceneLighting":true,"audioPlay":false,"sceneViewState":{"showFog":true,"showMaterialUpdate":false,"showSkybox":true,"showFlares":true,"showImageEffects":true,"showParticleSystems":true,"showVisualEffectGraphs":true,"m_FxEnabled":true},"in2DMode":false,"pivot":{"x":-0.4129975140094757,"y":-3.2233691215515138,"z":3.2018332481384279},"rotation":{"x":-0.32405272126197817,"y":0.0017086510779336095,"z":-0.000543520029168576,"w":-0.9460724592208862},"size":4.766782760620117,"orthographic":false}