{"cameraMode":{"drawMode":0,"name":"Shaded","section":"Shading Mode"},"sceneLighting":true,"audioPlay":false,"sceneViewState":{"showFog":true,"showMaterialUpdate":false,"showSkybox":true,"showFlares":true,"showImageEffects":true,"showParticleSystems":true,"showVisualEffectGraphs":true,"m_FxEnabled":true},"in2DMode":false,"pivot":{"x":-1.4264864921569825,"y":-0.4743579924106598,"z":0.23652182519435883},"rotation":{"x":-0.10884598642587662,"y":0.2970105707645416,"z":-0.03409940004348755,"w":-0.9480568170547485},"size":3.5515990257263185,"orthographic":false}