{"cameraMode":{"drawMode":0,"name":"Shaded","section":"Shading Mode"},"sceneLighting":true,"audioPlay":false,"sceneViewState":{"showFog":true,"showMaterialUpdate":false,"showSkybox":true,"showFlares":true,"showImageEffects":true,"showParticleSystems":true,"showVisualEffectGraphs":true,"m_FxEnabled":true},"in2DMode":false,"pivot":{"x":0.20611989498138429,"y":0.20037436485290528,"z":-0.5599349141120911},"rotation":{"x":-0.0903797522187233,"y":0.4938957691192627,"z":-0.05078260600566864,"w":-0.8637222647666931},"size":2.6178948879241945,"orthographic":false}